id,customer_id,product_id,rating,title,content,status,thank_count,comment_count,images,images_raw,review_image_urls,review_images_flat,review_image_count,has_review_images,first_review_image_url,seller_id,seller_name,delivery_rating
20218118,1870362,201040328,4,Hài lòng,"Mình mua biếu mẹ, đợi mẹ comment nha.
Hình thức bình đẹp, chắc chắn, nền nã
Hộp carton đóng gói bị rách toang te tua, bẹp dúm dó, may là bình cứng ko thì vỡ nát tanh tành 🥵",approved,0,0,"[""https://salt.tikicdn.com/ts/review/51/05/86/a3e34b91b4cf1bdf1511eacc446feb98.jpg""]","[{""id"": 4423203, ""full_path"": ""https://salt.tikicdn.com/ts/review/51/05/86/a3e34b91b4cf1bdf1511eacc446feb98.jpg"", ""status"": ""approved""}]","[""https://salt.tikicdn.com/ts/review/51/05/86/a3e34b91b4cf1bdf1511eacc446feb98.jpg""]",https://salt.tikicdn.com/ts/review/51/05/86/a3e34b91b4cf1bdf1511eacc446feb98.jpg,1,True,https://salt.tikicdn.com/ts/review/51/05/86/a3e34b91b4cf1bdf1511eacc446feb98.jpg,1,Tiki Trading,"[{'question': 'Thời gian giao hàng?', 'option': 'Giao đúng hẹn'}, {'question': 'Thái độ của shipper?', 'option': 'Lịch sự'}, {'question': 'Giờ giao hàng?', 'option': 'Có hẹn giờ trước'}, {'question': 'Cách đóng gói sản phẩm?', 'option': 'Cẩu thả'}]"
19372280,7972664,201040328,2,Không hài lòng,"Mình đặt hoả tốc bình Riga nhưng lúc nhận sản phẩm thì sản phẩm bị thiếu bộ ống hút và cây vệ sinh, ngoài ra nắp bình cũng bị gỉ sét một miếng như hình, nhìn khá mất thẩm mỹ. Mình cần dùng gấp và đây cũng là sản phẩm cuối trong kho nên ngậm ngùi đánh giá thui 🥲",approved,0,0,"[""https://salt.tikicdn.com/ts/review/cf/92/29/f2601ba940e460fa903985703dc578d2.jpg"", ""https://salt.tikicdn.com/ts/review/61/36/e6/f4161b3ac5edf77434fcde1683e0e5c3.jpg"", ""https://salt.tikicdn.com/ts/review/04/c2/97/2c85e50a3da88bc3dc2080f503bed47f.jpg""]","[{""id"": 4251491, ""full_path"": ""https://salt.tikicdn.com/ts/review/cf/92/29/f2601ba940e460fa903985703dc578d2.jpg"", ""status"": ""approved""}, {""id"": 4251492, ""full_path"": ""https://salt.tikicdn.com/ts/review/61/36/e6/f4161b3ac5edf77434fcde1683e0e5c3.jpg"", ""status"": ""approved""}, {""id"": 4251493, ""full_path"": ""https://salt.tikicdn.com/ts/review/04/c2/97/2c85e50a3da88bc3dc2080f503bed47f.jpg"", ""status"": ""approved""}]","[""https://salt.tikicdn.com/ts/review/cf/92/29/f2601ba940e460fa903985703dc578d2.jpg"", ""https://salt.tikicdn.com/ts/review/61/36/e6/f4161b3ac5edf77434fcde1683e0e5c3.jpg"", ""https://salt.tikicdn.com/ts/review/04/c2/97/2c85e50a3da88bc3dc2080f503bed47f.jpg""]",https://salt.tikicdn.com/ts/review/cf/92/29/f2601ba940e460fa903985703dc578d2.jpg | https://salt.tikicdn.com/ts/review/61/36/e6/f4161b3ac5edf77434fcde1683e0e5c3.jpg | https://salt.tikicdn.com/ts/review/04/c2/97/2c85e50a3da88bc3dc2080f503bed47f.jpg,3,True,https://salt.tikicdn.com/ts/review/cf/92/29/f2601ba940e460fa903985703dc578d2.jpg,1,Tiki Trading,"[{'question': 'Thời gian giao hàng?', 'option': 'Giao đúng hẹn'}, {'question': 'Thái độ của shipper?', 'option': 'Lịch sự'}, {'question': 'Giờ giao hàng?', 'option': 'Có hẹn giờ trước'}, {'question': 'Cách đóng gói sản phẩm?', 'option': 'Cẩu thả'}]"
20008255,8518569,201040328,5,Cực kì hài lòng,"cho 1 * vì sự tắc trách ở khâu giao hàng trễ gần 1 tuần, nhân viên giao hàng không thân thiện. Sản phẩm mới dùng có vẻ ổn",approved,1,1,"[""https://salt.tikicdn.com/ts/review/01/a0/35/99594ee1e2f65220c46a0b1af0f07189.jpg"", ""https://salt.tikicdn.com/ts/review/f5/f1/28/ce66029aa23b90481b371c99dd8d128a.jpg"", ""https://salt.tikicdn.com/ts/review/ab/3f/62/3787377bd30c4ccb4c1e75db79ecd5de.jpg"", ""https://salt.tikicdn.com/ts/review/af/1d/91/ccfffae6294a02ec3a09ef8756096444.jpg""]","[{""id"": 4383015, ""full_path"": ""https://salt.tikicdn.com/ts/review/01/a0/35/99594ee1e2f65220c46a0b1af0f07189.jpg"", ""status"": ""approved""}, {""id"": 4383016, ""full_path"": ""https://salt.tikicdn.com/ts/review/f5/f1/28/ce66029aa23b90481b371c99dd8d128a.jpg"", ""status"": ""approved""}, {""id"": 4383017, ""full_path"": ""https://salt.tikicdn.com/ts/review/ab/3f/62/3787377bd30c4ccb4c1e75db79ecd5de.jpg"", ""status"": ""approved""}, {""id"": 4383018, ""full_path"": ""https://salt.tikicdn.com/ts/review/af/1d/91/ccfffae6294a02ec3a09ef8756096444.jpg"", ""status"": ""approved""}]","[""https://salt.tikicdn.com/ts/review/01/a0/35/99594ee1e2f65220c46a0b1af0f07189.jpg"", ""https://salt.tikicdn.com/ts/review/f5/f1/28/ce66029aa23b90481b371c99dd8d128a.jpg"", ""https://salt.tikicdn.com/ts/review/ab/3f/62/3787377bd30c4ccb4c1e75db79ecd5de.jpg"", ""https://salt.tikicdn.com/ts/review/af/1d/91/ccfffae6294a02ec3a09ef8756096444.jpg""]",https://salt.tikicdn.com/ts/review/01/a0/35/99594ee1e2f65220c46a0b1af0f07189.jpg | https://salt.tikicdn.com/ts/review/f5/f1/28/ce66029aa23b90481b371c99dd8d128a.jpg | https://salt.tikicdn.com/ts/review/ab/3f/62/3787377bd30c4ccb4c1e75db79ecd5de.jpg | https://salt.tikicdn.com/ts/review/af/1d/91/ccfffae6294a02ec3a09ef8756096444.jpg,4,True,https://salt.tikicdn.com/ts/review/01/a0/35/99594ee1e2f65220c46a0b1af0f07189.jpg,1,Tiki Trading,[]
20134907,1341356,201040328,5,Cực kì hài lòng,"Lock & Lock là thương hiệu mình yêu thích về dộ kín, giữ nhiệt tốt và thiết kế sản phẩm đa dạng",approved,1,0,"[""https://salt.tikicdn.com/ts/review/73/ed/00/864c53abcf1f5ab0c277155cf0f719c6.jpg"", ""https://salt.tikicdn.com/ts/review/63/0b/d8/ccc84f700cd4062c19150ef88baddbbc.jpg"", ""https://salt.tikicdn.com/ts/review/12/54/22/37131eca8ec40f1306b30343e4190ee3.jpg""]","[{""id"": 4407559, ""full_path"": ""https://salt.tikicdn.com/ts/review/73/ed/00/864c53abcf1f5ab0c277155cf0f719c6.jpg"", ""status"": ""approved""}, {""id"": 4407560, ""full_path"": ""https://salt.tikicdn.com/ts/review/63/0b/d8/ccc84f700cd4062c19150ef88baddbbc.jpg"", ""status"": ""approved""}, {""id"": 4407561, ""full_path"": ""https://salt.tikicdn.com/ts/review/12/54/22/37131eca8ec40f1306b30343e4190ee3.jpg"", ""status"": ""approved""}]","[""https://salt.tikicdn.com/ts/review/73/ed/00/864c53abcf1f5ab0c277155cf0f719c6.jpg"", ""https://salt.tikicdn.com/ts/review/63/0b/d8/ccc84f700cd4062c19150ef88baddbbc.jpg"", ""https://salt.tikicdn.com/ts/review/12/54/22/37131eca8ec40f1306b30343e4190ee3.jpg""]",https://salt.tikicdn.com/ts/review/73/ed/00/864c53abcf1f5ab0c277155cf0f719c6.jpg | https://salt.tikicdn.com/ts/review/63/0b/d8/ccc84f700cd4062c19150ef88baddbbc.jpg | https://salt.tikicdn.com/ts/review/12/54/22/37131eca8ec40f1306b30343e4190ee3.jpg,3,True,https://salt.tikicdn.com/ts/review/73/ed/00/864c53abcf1f5ab0c277155cf0f719c6.jpg,1,Tiki Trading,[]
19223133,16687493,201040328,5,Cực kì hài lòng,"Cực xịn ạ, tiki nói giao thứ 4 nhưng thứ 3 đã nhận được rồi, đóng gói thì cẩn thận hộp ở ngoài thì hơi móp méo nhưng bên trong rất ok nha, bao bì đầy đủ nói chung ko có gì để chê, 10 điểm ạ, được miễn phí vận chuyển còn giảm thêm nên thấy mua rất đáng. Mẫu mới cũng rất đẹp",approved,0,0,"[""https://salt.tikicdn.com/ts/review/4b/06/49/ecc2de47ea262a46e8439ed0340de679.jpg"", ""https://salt.tikicdn.com/ts/review/f6/c1/d2/2bc25ace45dbcc2e8763dfcf98ca0f1c.jpg""]","[{""id"": 4217466, ""full_path"": ""https://salt.tikicdn.com/ts/review/4b/06/49/ecc2de47ea262a46e8439ed0340de679.jpg"", ""status"": ""approved""}, {""id"": 4217467, ""full_path"": ""https://salt.tikicdn.com/ts/review/f6/c1/d2/2bc25ace45dbcc2e8763dfcf98ca0f1c.jpg"", ""status"": ""approved""}]","[""https://salt.tikicdn.com/ts/review/4b/06/49/ecc2de47ea262a46e8439ed0340de679.jpg"", ""https://salt.tikicdn.com/ts/review/f6/c1/d2/2bc25ace45dbcc2e8763dfcf98ca0f1c.jpg""]",https://salt.tikicdn.com/ts/review/4b/06/49/ecc2de47ea262a46e8439ed0340de679.jpg | https://salt.tikicdn.com/ts/review/f6/c1/d2/2bc25ace45dbcc2e8763dfcf98ca0f1c.jpg,2,True,https://salt.tikicdn.com/ts/review/4b/06/49/ecc2de47ea262a46e8439ed0340de679.jpg,1,Tiki Trading,"[{'question': 'Thời gian giao hàng?', 'option': 'Giao đúng hẹn'}, {'question': 'Thái độ của shipper?', 'option': 'Lịch sự'}, {'question': 'Giờ giao hàng?', 'option': 'Có hẹn giờ trước'}, {'question': 'Cách đóng gói sản phẩm?', 'option': 'Cẩn thận'}]"
19092822,6597844,201040328,5,Cực kì hài lòng,"Tôi không ngờ vì hồi gần bảy giờ sáng hôm nay tôi order hai món: Bình và Ly giữ nhiệt thì tới gần chín rưỡi sáng tôi đã nhận được!! Xem như gần hai tiếng rưỡi!! Tiki quá ổn định 👍👍👍
Bình giữ nhiệt thì từ thiết kế tới màu sắc thì đều 👍👍👍👍 còn hiệu quả sử dụng thì tương lai mới biết được!!!",approved,1,0,"[""https://salt.tikicdn.com/ts/review/8e/4d/99/f6ffbc390f1129e941d4b95a191999f7.jpg"", ""https://salt.tikicdn.com/ts/review/25/d6/e5/4e5663e13261533203398a7afa417f4c.jpg""]","[{""id"": 4188018, ""full_path"": ""https://salt.tikicdn.com/ts/review/8e/4d/99/f6ffbc390f1129e941d4b95a191999f7.jpg"", ""status"": ""approved""}, {""id"": 4188019, ""full_path"": ""https://salt.tikicdn.com/ts/review/25/d6/e5/4e5663e13261533203398a7afa417f4c.jpg"", ""status"": ""approved""}]","[""https://salt.tikicdn.com/ts/review/8e/4d/99/f6ffbc390f1129e941d4b95a191999f7.jpg"", ""https://salt.tikicdn.com/ts/review/25/d6/e5/4e5663e13261533203398a7afa417f4c.jpg""]",https://salt.tikicdn.com/ts/review/8e/4d/99/f6ffbc390f1129e941d4b95a191999f7.jpg | https://salt.tikicdn.com/ts/review/25/d6/e5/4e5663e13261533203398a7afa417f4c.jpg,2,True,https://salt.tikicdn.com/ts/review/8e/4d/99/f6ffbc390f1129e941d4b95a191999f7.jpg,1,Tiki Trading,[]
19772940,844573,201040328,5,Cực kì hài lòng,"Giao nhanh kinh khủng. Đóng gói cẩn thận, tốt, bình đẹp chắc chắn dã man, có cao su dưới đây chống trượt. Cơ mà bình sịn mà cho cái ống hút hàng mã quá. Thanks tiki",approved,1,1,"[""https://salt.tikicdn.com/ts/review/17/6e/39/77adbc570d06fa3644215dd09356275e.jpg"", ""https://salt.tikicdn.com/ts/review/99/74/77/e005750a30ed263b12d47ddee278bf7e.jpg"", ""https://salt.tikicdn.com/ts/review/29/3b/33/68cbe8236930646453afe4c53c9bc8a5.jpg""]","[{""id"": 4337535, ""full_path"": ""https://salt.tikicdn.com/ts/review/17/6e/39/77adbc570d06fa3644215dd09356275e.jpg"", ""status"": ""approved""}, {""id"": 4337536, ""full_path"": ""https://salt.tikicdn.com/ts/review/99/74/77/e005750a30ed263b12d47ddee278bf7e.jpg"", ""status"": ""approved""}, {""id"": 4337537, ""full_path"": ""https://salt.tikicdn.com/ts/review/29/3b/33/68cbe8236930646453afe4c53c9bc8a5.jpg"", ""status"": ""approved""}]","[""https://salt.tikicdn.com/ts/review/17/6e/39/77adbc570d06fa3644215dd09356275e.jpg"", ""https://salt.tikicdn.com/ts/review/99/74/77/e005750a30ed263b12d47ddee278bf7e.jpg"", ""https://salt.tikicdn.com/ts/review/29/3b/33/68cbe8236930646453afe4c53c9bc8a5.jpg""]",https://salt.tikicdn.com/ts/review/17/6e/39/77adbc570d06fa3644215dd09356275e.jpg | https://salt.tikicdn.com/ts/review/99/74/77/e005750a30ed263b12d47ddee278bf7e.jpg | https://salt.tikicdn.com/ts/review/29/3b/33/68cbe8236930646453afe4c53c9bc8a5.jpg,3,True,https://salt.tikicdn.com/ts/review/17/6e/39/77adbc570d06fa3644215dd09356275e.jpg,1,Tiki Trading,"[{'question': 'Thời gian giao hàng?', 'option': 'Giao đúng hẹn'}, {'question': 'Thái độ của shipper?', 'option': 'Lịch sự'}, {'question': 'Giờ giao hàng?', 'option': 'Có hẹn giờ trước'}, {'question': 'Cách đóng gói sản phẩm?', 'option': 'Cẩn thận'}]"
20086829,16335328,201040328,5,Cực kì hài lòng,Màu xinh xuất sắc. Mua live Tiki giá còn nửa,approved,0,1,"[""https://salt.tikicdn.com/ts/review/76/1b/53/001950bdb854e3f9ceec5c1c4ed1b145.jpg"", ""https://salt.tikicdn.com/ts/review/a2/d5/a7/206a5d201294f9a0d84021004a9f0560.jpg""]","[{""id"": 4397780, ""full_path"": ""https://salt.tikicdn.com/ts/review/76/1b/53/001950bdb854e3f9ceec5c1c4ed1b145.jpg"", ""status"": ""approved""}, {""id"": 4397781, ""full_path"": ""https://salt.tikicdn.com/ts/review/a2/d5/a7/206a5d201294f9a0d84021004a9f0560.jpg"", ""status"": ""approved""}]","[""https://salt.tikicdn.com/ts/review/76/1b/53/001950bdb854e3f9ceec5c1c4ed1b145.jpg"", ""https://salt.tikicdn.com/ts/review/a2/d5/a7/206a5d201294f9a0d84021004a9f0560.jpg""]",https://salt.tikicdn.com/ts/review/76/1b/53/001950bdb854e3f9ceec5c1c4ed1b145.jpg | https://salt.tikicdn.com/ts/review/a2/d5/a7/206a5d201294f9a0d84021004a9f0560.jpg,2,True,https://salt.tikicdn.com/ts/review/76/1b/53/001950bdb854e3f9ceec5c1c4ed1b145.jpg,1,Tiki Trading,"[{'question': 'Thời gian giao hàng?', 'option': 'Giao đúng hẹn'}, {'question': 'Thái độ của shipper?', 'option': 'Lịch sự'}, {'question': 'Giờ giao hàng?', 'option': 'Có hẹn giờ trước'}, {'question': 'Cách đóng gói sản phẩm?', 'option': 'Cẩn thận'}]"
20029359,30073985,201040328,5,Cực kì hài lòng,"Bình rất đẹp. Hàng đúng như shop giới thiệu.
Sẽ ủng hộ shop",approved,0,1,"[""https://salt.tikicdn.com/ts/review/2f/45/52/dacecd5529ab528f300cf7a93c20ad3d.jpg"", ""https://salt.tikicdn.com/ts/review/b0/62/9f/8f4eb3aa0593791e742a0cf12971a2d5.jpg""]","[{""id"": 4387522, ""full_path"": ""https://salt.tikicdn.com/ts/review/2f/45/52/dacecd5529ab528f300cf7a93c20ad3d.jpg"", ""status"": ""approved""}, {""id"": 4387523, ""full_path"": ""https://salt.tikicdn.com/ts/review/b0/62/9f/8f4eb3aa0593791e742a0cf12971a2d5.jpg"", ""status"": ""approved""}]","[""https://salt.tikicdn.com/ts/review/2f/45/52/dacecd5529ab528f300cf7a93c20ad3d.jpg"", ""https://salt.tikicdn.com/ts/review/b0/62/9f/8f4eb3aa0593791e742a0cf12971a2d5.jpg""]",https://salt.tikicdn.com/ts/review/2f/45/52/dacecd5529ab528f300cf7a93c20ad3d.jpg | https://salt.tikicdn.com/ts/review/b0/62/9f/8f4eb3aa0593791e742a0cf12971a2d5.jpg,2,True,https://salt.tikicdn.com/ts/review/2f/45/52/dacecd5529ab528f300cf7a93c20ad3d.jpg,1,Tiki Trading,[]
19442113,27842877,201040328,5,Cực kì hài lòng,"Màu đẹp, chắc chắn, dung tích lớn tha hồ đựng nước",approved,0,0,"[""https://salt.tikicdn.com/ts/review/71/8a/1b/a2d8f0b294231e24a60a18ed60e70c7e.jpg"", ""https://salt.tikicdn.com/ts/review/bb/26/24/1adde16daf536c8fb67705fb38e59b42.jpg"", ""https://salt.tikicdn.com/ts/review/c1/3a/78/5bd226d96f28ffe6616414b26a644751.jpg"", ""https://salt.tikicdn.com/ts/review/0b/bb/9c/1dafc25ada964f72fceddb72cb85a634.jpg"", ""https://salt.tikicdn.com/ts/review/61/a2/c7/60fa2e9c7652a5fe851204da81b956ec.jpg""]","[{""id"": 4267073, ""full_path"": ""https://salt.tikicdn.com/ts/review/71/8a/1b/a2d8f0b294231e24a60a18ed60e70c7e.jpg"", ""status"": ""approved""}, {""id"": 4267074, ""full_path"": ""https://salt.tikicdn.com/ts/review/bb/26/24/1adde16daf536c8fb67705fb38e59b42.jpg"", ""status"": ""approved""}, {""id"": 4267075, ""full_path"": ""https://salt.tikicdn.com/ts/review/c1/3a/78/5bd226d96f28ffe6616414b26a644751.jpg"", ""status"": ""approved""}, {""id"": 4267076, ""full_path"": ""https://salt.tikicdn.com/ts/review/0b/bb/9c/1dafc25ada964f72fceddb72cb85a634.jpg"", ""status"": ""approved""}, {""id"": 4267077, ""full_path"": ""https://salt.tikicdn.com/ts/review/61/a2/c7/60fa2e9c7652a5fe851204da81b956ec.jpg"", ""status"": ""approved""}]","[""https://salt.tikicdn.com/ts/review/71/8a/1b/a2d8f0b294231e24a60a18ed60e70c7e.jpg"", ""https://salt.tikicdn.com/ts/review/bb/26/24/1adde16daf536c8fb67705fb38e59b42.jpg"", ""https://salt.tikicdn.com/ts/review/c1/3a/78/5bd226d96f28ffe6616414b26a644751.jpg"", ""https://salt.tikicdn.com/ts/review/0b/bb/9c/1dafc25ada964f72fceddb72cb85a634.jpg"", ""https://salt.tikicdn.com/ts/review/61/a2/c7/60fa2e9c7652a5fe851204da81b956ec.jpg""]",https://salt.tikicdn.com/ts/review/71/8a/1b/a2d8f0b294231e24a60a18ed60e70c7e.jpg | https://salt.tikicdn.com/ts/review/bb/26/24/1adde16daf536c8fb67705fb38e59b42.jpg | https://salt.tikicdn.com/ts/review/c1/3a/78/5bd226d96f28ffe6616414b26a644751.jpg | https://salt.tikicdn.com/ts/review/0b/bb/9c/1dafc25ada964f72fceddb72cb85a634.jpg | https://salt.tikicdn.com/ts/review/61/a2/c7/60fa2e9c7652a5fe851204da81b956ec.jpg,5,True,https://salt.tikicdn.com/ts/review/71/8a/1b/a2d8f0b294231e24a60a18ed60e70c7e.jpg,1,Tiki Trading,"[{'question': 'Thời gian giao hàng?', 'option': 'Giao đúng hẹn'}, {'question': 'Thái độ của shipper?', 'option': 'Lịch sự'}, {'question': 'Giờ giao hàng?', 'option': 'Có hẹn giờ trước'}, {'question': 'Cách đóng gói sản phẩm?', 'option': 'Cẩn thận'}]"
19338483,29118319,201040328,5,Cực kì hài lòng,"Giao hàng rất nhanh, 12ham đặt 2pm nhận hàng mà free ship.
Giá cả hợp lý, mua bằng Home Paylater được giảm giá khá nhiều.
Bình đẹp, chắc chắn, chưa sử dụng nên chưa rõ chất lượng như thế nào.",approved,0,0,"[""https://salt.tikicdn.com/ts/review/b1/94/80/decc8a88b521f912b6fcef9a261fa658.jpg""]","[{""id"": 4244011, ""full_path"": ""https://salt.tikicdn.com/ts/review/b1/94/80/decc8a88b521f912b6fcef9a261fa658.jpg"", ""status"": ""approved""}]","[""https://salt.tikicdn.com/ts/review/b1/94/80/decc8a88b521f912b6fcef9a261fa658.jpg""]",https://salt.tikicdn.com/ts/review/b1/94/80/decc8a88b521f912b6fcef9a261fa658.jpg,1,True,https://salt.tikicdn.com/ts/review/b1/94/80/decc8a88b521f912b6fcef9a261fa658.jpg,1,Tiki Trading,"[{'question': 'Thời gian giao hàng?', 'option': 'Giao đúng hẹn'}, {'question': 'Thái độ của shipper?', 'option': 'Lịch sự'}, {'question': 'Giờ giao hàng?', 'option': 'Có hẹn giờ trước'}, {'question': 'Cách đóng gói sản phẩm?', 'option': 'Cẩn thận'}]"
20133712,18330680,201040328,5,Cực kì hài lòng,Ok,approved,0,0,"[""https://salt.tikicdn.com/ts/review/31/22/e0/d902e3f27dd586968e10c04ad90a22c0.jpg"", ""https://salt.tikicdn.com/ts/review/22/33/c6/834bbaa8dafb6f951f13bf4236f36447.jpg""]","[{""id"": 4407348, ""full_path"": ""https://salt.tikicdn.com/ts/review/31/22/e0/d902e3f27dd586968e10c04ad90a22c0.jpg"", ""status"": ""approved""}, {""id"": 4407349, ""full_path"": ""https://salt.tikicdn.com/ts/review/22/33/c6/834bbaa8dafb6f951f13bf4236f36447.jpg"", ""status"": ""approved""}]","[""https://salt.tikicdn.com/ts/review/31/22/e0/d902e3f27dd586968e10c04ad90a22c0.jpg"", ""https://salt.tikicdn.com/ts/review/22/33/c6/834bbaa8dafb6f951f13bf4236f36447.jpg""]",https://salt.tikicdn.com/ts/review/31/22/e0/d902e3f27dd586968e10c04ad90a22c0.jpg | https://salt.tikicdn.com/ts/review/22/33/c6/834bbaa8dafb6f951f13bf4236f36447.jpg,2,True,https://salt.tikicdn.com/ts/review/31/22/e0/d902e3f27dd586968e10c04ad90a22c0.jpg,1,Tiki Trading,"[{'question': 'Thời gian giao hàng?', 'option': 'Giao đúng hẹn'}, {'question': 'Thái độ của shipper?', 'option': 'Lịch sự'}, {'question': 'Giờ giao hàng?', 'option': 'Có hẹn giờ trước'}, {'question': 'Cách đóng gói sản phẩm?', 'option': 'Cẩn thận'}]"
19640558,7419360,201040328,5,Cực kì hài lòng,"Hàng khui ra như hinhw, sản phẩm chất lượng tốt, sử dụng bền",approved,0,0,"[""https://salt.tikicdn.com/ts/review/8d/09/14/c6ecf251d2a0739a90495dcef7f5306f.jpg"", ""https://salt.tikicdn.com/ts/review/4c/09/91/c594b899cb14a7fbd1cf7086d76ef20e.jpg"", ""https://salt.tikicdn.com/ts/review/c3/d2/2b/c656a1f91ab955384228ebd6337f4664.jpg""]","[{""id"": 4309056, ""full_path"": ""https://salt.tikicdn.com/ts/review/8d/09/14/c6ecf251d2a0739a90495dcef7f5306f.jpg"", ""status"": ""approved""}, {""id"": 4309057, ""full_path"": ""https://salt.tikicdn.com/ts/review/4c/09/91/c594b899cb14a7fbd1cf7086d76ef20e.jpg"", ""status"": ""approved""}, {""id"": 4309058, ""full_path"": ""https://salt.tikicdn.com/ts/review/c3/d2/2b/c656a1f91ab955384228ebd6337f4664.jpg"", ""status"": ""approved""}]","[""https://salt.tikicdn.com/ts/review/8d/09/14/c6ecf251d2a0739a90495dcef7f5306f.jpg"", ""https://salt.tikicdn.com/ts/review/4c/09/91/c594b899cb14a7fbd1cf7086d76ef20e.jpg"", ""https://salt.tikicdn.com/ts/review/c3/d2/2b/c656a1f91ab955384228ebd6337f4664.jpg""]",https://salt.tikicdn.com/ts/review/8d/09/14/c6ecf251d2a0739a90495dcef7f5306f.jpg | https://salt.tikicdn.com/ts/review/4c/09/91/c594b899cb14a7fbd1cf7086d76ef20e.jpg | https://salt.tikicdn.com/ts/review/c3/d2/2b/c656a1f91ab955384228ebd6337f4664.jpg,3,True,https://salt.tikicdn.com/ts/review/8d/09/14/c6ecf251d2a0739a90495dcef7f5306f.jpg,1,Tiki Trading,[]
20059079,17812190,201040328,4,Hài lòng,Chất liệu inox cao cấp giữ nhiệt ổn,approved,0,1,"[""https://salt.tikicdn.com/ts/review/1d/b9/56/b6c1442dce9e2c979f254454156ff2cb.jpg""]","[{""id"": 4393535, ""full_path"": ""https://salt.tikicdn.com/ts/review/1d/b9/56/b6c1442dce9e2c979f254454156ff2cb.jpg"", ""status"": ""approved""}]","[""https://salt.tikicdn.com/ts/review/1d/b9/56/b6c1442dce9e2c979f254454156ff2cb.jpg""]",https://salt.tikicdn.com/ts/review/1d/b9/56/b6c1442dce9e2c979f254454156ff2cb.jpg,1,True,https://salt.tikicdn.com/ts/review/1d/b9/56/b6c1442dce9e2c979f254454156ff2cb.jpg,1,Tiki Trading,[]
18581369,15648005,201040328,5,Cực kì hài lòng,"Ok lắm,mua bên tiki thì ít phải băn khoăn về chất lượng cũng như nguồn gốc,xuất xứ.",approved,0,0,"[""https://salt.tikicdn.com/ts/review/a9/cb/78/0ff318f71b6421a50a37b86edbcfc731.jpg"", ""https://salt.tikicdn.com/ts/review/b6/3a/b4/2352422cc27e98767321c80e2f0110b3.jpg"", ""https://salt.tikicdn.com/ts/review/4e/65/a3/8c0a88d1a9f22e90f680f7187a90ba49.jpg"", ""https://salt.tikicdn.com/ts/review/2f/a4/3f/8275ee89df3149727f8e269aad1c4dd9.jpg""]","[{""id"": 4069951, ""full_path"": ""https://salt.tikicdn.com/ts/review/a9/cb/78/0ff318f71b6421a50a37b86edbcfc731.jpg"", ""status"": ""approved""}, {""id"": 4069952, ""full_path"": ""https://salt.tikicdn.com/ts/review/b6/3a/b4/2352422cc27e98767321c80e2f0110b3.jpg"", ""status"": ""approved""}, {""id"": 4069953, ""full_path"": ""https://salt.tikicdn.com/ts/review/4e/65/a3/8c0a88d1a9f22e90f680f7187a90ba49.jpg"", ""status"": ""approved""}, {""id"": 4069954, ""full_path"": ""https://salt.tikicdn.com/ts/review/2f/a4/3f/8275ee89df3149727f8e269aad1c4dd9.jpg"", ""status"": ""approved""}]","[""https://salt.tikicdn.com/ts/review/a9/cb/78/0ff318f71b6421a50a37b86edbcfc731.jpg"", ""https://salt.tikicdn.com/ts/review/b6/3a/b4/2352422cc27e98767321c80e2f0110b3.jpg"", ""https://salt.tikicdn.com/ts/review/4e/65/a3/8c0a88d1a9f22e90f680f7187a90ba49.jpg"", ""https://salt.tikicdn.com/ts/review/2f/a4/3f/8275ee89df3149727f8e269aad1c4dd9.jpg""]",https://salt.tikicdn.com/ts/review/a9/cb/78/0ff318f71b6421a50a37b86edbcfc731.jpg | https://salt.tikicdn.com/ts/review/b6/3a/b4/2352422cc27e98767321c80e2f0110b3.jpg | https://salt.tikicdn.com/ts/review/4e/65/a3/8c0a88d1a9f22e90f680f7187a90ba49.jpg | https://salt.tikicdn.com/ts/review/2f/a4/3f/8275ee89df3149727f8e269aad1c4dd9.jpg,4,True,https://salt.tikicdn.com/ts/review/a9/cb/78/0ff318f71b6421a50a37b86edbcfc731.jpg,1,Tiki Trading,[]
18102178,48334,201040328,5,Cực kì hài lòng,"Bình này ngoài cửa hàng không có giảm giá, mua trên tiki thì được giảm giá nè. Sau khi rửa xong, rồi dùng lần đầu mình đựng nước ấm luôn thì có mùi nhựa. Chắc dùng vài lần mới hết được",approved,0,0,"[""https://salt.tikicdn.com/ts/review/25/b9/c1/e20f5bb6a7e4300a82557c388007a238.jpg""]","[{""id"": 3972805, ""full_path"": ""https://salt.tikicdn.com/ts/review/25/b9/c1/e20f5bb6a7e4300a82557c388007a238.jpg"", ""status"": ""approved""}]","[""https://salt.tikicdn.com/ts/review/25/b9/c1/e20f5bb6a7e4300a82557c388007a238.jpg""]",https://salt.tikicdn.com/ts/review/25/b9/c1/e20f5bb6a7e4300a82557c388007a238.jpg,1,True,https://salt.tikicdn.com/ts/review/25/b9/c1/e20f5bb6a7e4300a82557c388007a238.jpg,1,Tiki Trading,[]
19358202,20649523,201040328,5,Cực kì hài lòng,"Giao hàng nhanh, giữ nhiệt tốt. Tặng kèm ống hút với chổi vệ sinh.",approved,0,0,"[""https://salt.tikicdn.com/ts/review/c3/f5/9e/47e831efd34c55b7f9b65b2cdb016301.jpg"", ""https://salt.tikicdn.com/ts/review/83/1d/34/d67e8ea3cac714e4fa27dcebc6349f77.jpg"", ""https://salt.tikicdn.com/ts/review/97/04/7e/490736f34f511a4fff68456fee36f29a.jpg""]","[{""id"": 4248363, ""full_path"": ""https://salt.tikicdn.com/ts/review/c3/f5/9e/47e831efd34c55b7f9b65b2cdb016301.jpg"", ""status"": ""approved""}, {""id"": 4248364, ""full_path"": ""https://salt.tikicdn.com/ts/review/83/1d/34/d67e8ea3cac714e4fa27dcebc6349f77.jpg"", ""status"": ""approved""}, {""id"": 4248365, ""full_path"": ""https://salt.tikicdn.com/ts/review/97/04/7e/490736f34f511a4fff68456fee36f29a.jpg"", ""status"": ""approved""}]","[""https://salt.tikicdn.com/ts/review/c3/f5/9e/47e831efd34c55b7f9b65b2cdb016301.jpg"", ""https://salt.tikicdn.com/ts/review/83/1d/34/d67e8ea3cac714e4fa27dcebc6349f77.jpg"", ""https://salt.tikicdn.com/ts/review/97/04/7e/490736f34f511a4fff68456fee36f29a.jpg""]",https://salt.tikicdn.com/ts/review/c3/f5/9e/47e831efd34c55b7f9b65b2cdb016301.jpg | https://salt.tikicdn.com/ts/review/83/1d/34/d67e8ea3cac714e4fa27dcebc6349f77.jpg | https://salt.tikicdn.com/ts/review/97/04/7e/490736f34f511a4fff68456fee36f29a.jpg,3,True,https://salt.tikicdn.com/ts/review/c3/f5/9e/47e831efd34c55b7f9b65b2cdb016301.jpg,1,Tiki Trading,"[{'question': 'Thời gian giao hàng?', 'option': 'Giao đúng hẹn'}, {'question': 'Thái độ của shipper?', 'option': 'Lịch sự'}, {'question': 'Giờ giao hàng?', 'option': 'Có hẹn giờ trước'}, {'question': 'Cách đóng gói sản phẩm?', 'option': 'Cẩn thận'}]"
19109197,7007579,201040328,5,Cực kì hài lòng,"Mình thích thiết kế bình này lâu rồi mà bữa ni biết bên tiki rẻ hơn nên chốt liền, giao từ HN về DN mà 1 ngày nhận đc r. Nói chung là mê nên mua nha mn",approved,0,0,"[""https://salt.tikicdn.com/ts/review/ed/b5/10/0899263791d85ebc1202e56c394fe02a.jpg""]","[{""id"": 4192138, ""full_path"": ""https://salt.tikicdn.com/ts/review/ed/b5/10/0899263791d85ebc1202e56c394fe02a.jpg"", ""status"": ""approved""}]","[""https://salt.tikicdn.com/ts/review/ed/b5/10/0899263791d85ebc1202e56c394fe02a.jpg""]",https://salt.tikicdn.com/ts/review/ed/b5/10/0899263791d85ebc1202e56c394fe02a.jpg,1,True,https://salt.tikicdn.com/ts/review/ed/b5/10/0899263791d85ebc1202e56c394fe02a.jpg,1,Tiki Trading,"[{'question': 'Thời gian giao hàng?', 'option': 'Giao đúng hẹn'}, {'question': 'Thái độ của shipper?', 'option': 'Lịch sự'}, {'question': 'Giờ giao hàng?', 'option': 'Có hẹn giờ trước'}, {'question': 'Cách đóng gói sản phẩm?', 'option': 'Cẩu thả'}]"
19580407,17670813,201040328,5,Cực kì hài lòng,"Giao siêu nhanh luôn, bình đẹp k bị nóng bên ngoài đâu. Đặt hôm trước là hôm sau có liền. Cám ơn Tiki",approved,0,0,"[""https://salt.tikicdn.com/ts/review/e9/89/9e/0b2c3b556ed26e7d72aaf8762903176d.jpg""]","[{""id"": 4296138, ""full_path"": ""https://salt.tikicdn.com/ts/review/e9/89/9e/0b2c3b556ed26e7d72aaf8762903176d.jpg"", ""status"": ""approved""}]","[""https://salt.tikicdn.com/ts/review/e9/89/9e/0b2c3b556ed26e7d72aaf8762903176d.jpg""]",https://salt.tikicdn.com/ts/review/e9/89/9e/0b2c3b556ed26e7d72aaf8762903176d.jpg,1,True,https://salt.tikicdn.com/ts/review/e9/89/9e/0b2c3b556ed26e7d72aaf8762903176d.jpg,1,Tiki Trading,"[{'question': 'Thời gian giao hàng?', 'option': 'Giao đúng hẹn'}, {'question': 'Thái độ của shipper?', 'option': 'Lịch sự'}, {'question': 'Giờ giao hàng?', 'option': 'Có hẹn giờ trước'}, {'question': 'Cách đóng gói sản phẩm?', 'option': 'Cẩn thận'}]"
18173793,13253691,201040328,5,Cực kì hài lòng,"Chất lượng thương hiệu thì không phải bàn cãi, hoàn thiện tinh tế, bình đẹp. Đã giới thiệu đồng nghiệp mua thêm mấy cái hihi",approved,0,0,"[""https://salt.tikicdn.com/ts/review/62/fc/5c/28d58ab62e942370dc739127bca2c5cf.jpg"", ""https://salt.tikicdn.com/ts/review/f5/a4/72/aa4e1f6481b67e6a0553a65a52e9875d.jpg""]","[{""id"": 3986848, ""full_path"": ""https://salt.tikicdn.com/ts/review/62/fc/5c/28d58ab62e942370dc739127bca2c5cf.jpg"", ""status"": ""approved""}, {""id"": 3986849, ""full_path"": ""https://salt.tikicdn.com/ts/review/f5/a4/72/aa4e1f6481b67e6a0553a65a52e9875d.jpg"", ""status"": ""approved""}]","[""https://salt.tikicdn.com/ts/review/62/fc/5c/28d58ab62e942370dc739127bca2c5cf.jpg"", ""https://salt.tikicdn.com/ts/review/f5/a4/72/aa4e1f6481b67e6a0553a65a52e9875d.jpg""]",https://salt.tikicdn.com/ts/review/62/fc/5c/28d58ab62e942370dc739127bca2c5cf.jpg | https://salt.tikicdn.com/ts/review/f5/a4/72/aa4e1f6481b67e6a0553a65a52e9875d.jpg,2,True,https://salt.tikicdn.com/ts/review/62/fc/5c/28d58ab62e942370dc739127bca2c5cf.jpg,1,Tiki Trading,[]
18716263,14107899,201040328,5,Cực kì hài lòng,Bình đẹp mà ủ nóng cực kỳ đã. Pha từ tối sáng ra vẫn còn rất nóng. Giữ lạnh thì cũng thích lắm. Mình k chê nó điểm nào. Điểm tối đa.,approved,1,0,"[""https://salt.tikicdn.com/ts/review/6b/fe/3a/1dae02e774415400ef4fb7311aa14da4.jpg""]","[{""id"": 4097672, ""full_path"": ""https://salt.tikicdn.com/ts/review/6b/fe/3a/1dae02e774415400ef4fb7311aa14da4.jpg"", ""status"": ""approved""}]","[""https://salt.tikicdn.com/ts/review/6b/fe/3a/1dae02e774415400ef4fb7311aa14da4.jpg""]",https://salt.tikicdn.com/ts/review/6b/fe/3a/1dae02e774415400ef4fb7311aa14da4.jpg,1,True,https://salt.tikicdn.com/ts/review/6b/fe/3a/1dae02e774415400ef4fb7311aa14da4.jpg,1,Tiki Trading,[]
19792430,13215640,201040328,5,Cực kì hài lòng,Mẫu mã đẹp nhiều màu sắc.bình giữ nhiệt rất lâu,approved,0,1,"[""https://salt.tikicdn.com/ts/review/4a/67/10/f5d12bb789b3e366ac24a2706a0c7399.jpg""]","[{""id"": 4341477, ""full_path"": ""https://salt.tikicdn.com/ts/review/4a/67/10/f5d12bb789b3e366ac24a2706a0c7399.jpg"", ""status"": ""approved""}]","[""https://salt.tikicdn.com/ts/review/4a/67/10/f5d12bb789b3e366ac24a2706a0c7399.jpg""]",https://salt.tikicdn.com/ts/review/4a/67/10/f5d12bb789b3e366ac24a2706a0c7399.jpg,1,True,https://salt.tikicdn.com/ts/review/4a/67/10/f5d12bb789b3e366ac24a2706a0c7399.jpg,1,Tiki Trading,"[{'question': 'Thời gian giao hàng?', 'option': 'Giao đúng hẹn'}, {'question': 'Thái độ của shipper?', 'option': 'Lịch sự'}, {'question': 'Giờ giao hàng?', 'option': 'Có hẹn giờ trước'}, {'question': 'Cách đóng gói sản phẩm?', 'option': 'Cẩn thận'}]"
19792431,13215640,201040328,5,Cực kì hài lòng,Mẫu mã đẹp nhiều màu sắc.bình giữ nhiệt rất lâu,approved,0,1,"[""https://salt.tikicdn.com/ts/review/4a/67/10/0404881148037257e20d8935168e0a02.jpg""]","[{""id"": 4341478, ""full_path"": ""https://salt.tikicdn.com/ts/review/4a/67/10/0404881148037257e20d8935168e0a02.jpg"", ""status"": ""approved""}]","[""https://salt.tikicdn.com/ts/review/4a/67/10/0404881148037257e20d8935168e0a02.jpg""]",https://salt.tikicdn.com/ts/review/4a/67/10/0404881148037257e20d8935168e0a02.jpg,1,True,https://salt.tikicdn.com/ts/review/4a/67/10/0404881148037257e20d8935168e0a02.jpg,1,Tiki Trading,"[{'question': 'Thời gian giao hàng?', 'option': 'Giao đúng hẹn'}, {'question': 'Thái độ của shipper?', 'option': 'Lịch sự'}, {'question': 'Giờ giao hàng?', 'option': 'Có hẹn giờ trước'}, {'question': 'Cách đóng gói sản phẩm?', 'option': 'Cẩn thận'}]"
19535396,329686,201040328,5,Cực kì hài lòng,Bình giữ nhiệt tốt. Đựng được nhiều nước nên dùng rất tiện khi mang đi làm.,approved,0,0,"[""https://salt.tikicdn.com/ts/review/cf/fb/c9/fc71ed88507288202f5037b405a4698f.jpg""]","[{""id"": 4286223, ""full_path"": ""https://salt.tikicdn.com/ts/review/cf/fb/c9/fc71ed88507288202f5037b405a4698f.jpg"", ""status"": ""approved""}]","[""https://salt.tikicdn.com/ts/review/cf/fb/c9/fc71ed88507288202f5037b405a4698f.jpg""]",https://salt.tikicdn.com/ts/review/cf/fb/c9/fc71ed88507288202f5037b405a4698f.jpg,1,True,https://salt.tikicdn.com/ts/review/cf/fb/c9/fc71ed88507288202f5037b405a4698f.jpg,1,Tiki Trading,"[{'question': 'Thời gian giao hàng?', 'option': 'Giao đúng hẹn'}, {'question': 'Thái độ của shipper?', 'option': 'Lịch sự'}, {'question': 'Giờ giao hàng?', 'option': 'Có hẹn giờ trước'}, {'question': 'Cách đóng gói sản phẩm?', 'option': 'Cẩn thận'}]"
19636784,20410974,201040328,5,Cực kì hài lòng,"Bình to, phù hợp với ai uống nhiều nước, giao hàng nhanh",approved,0,0,"[""https://salt.tikicdn.com/ts/review/c1/1e/0a/3ad3e0f7e648d4772546ce36e4fed40e.jpg""]","[{""id"": 4308193, ""full_path"": ""https://salt.tikicdn.com/ts/review/c1/1e/0a/3ad3e0f7e648d4772546ce36e4fed40e.jpg"", ""status"": ""approved""}]","[""https://salt.tikicdn.com/ts/review/c1/1e/0a/3ad3e0f7e648d4772546ce36e4fed40e.jpg""]",https://salt.tikicdn.com/ts/review/c1/1e/0a/3ad3e0f7e648d4772546ce36e4fed40e.jpg,1,True,https://salt.tikicdn.com/ts/review/c1/1e/0a/3ad3e0f7e648d4772546ce36e4fed40e.jpg,1,Tiki Trading,"[{'question': 'Thời gian giao hàng?', 'option': 'Giao đúng hẹn'}, {'question': 'Thái độ của shipper?', 'option': 'Lịch sự'}, {'question': 'Giờ giao hàng?', 'option': 'Có hẹn giờ trước'}, {'question': 'Cách đóng gói sản phẩm?', 'option': 'Cẩn thận'}]"
18712923,9126030,201040328,5,Cực kì hài lòng,Đẹp. Gọn. Chắc chắn. Giữ nóng lạnh siêu lâu. Dung tích lớn. Thích nhất cái ống hút có thể gấp gọn đi kèm.,approved,0,0,"[""https://salt.tikicdn.com/ts/review/c0/24/44/dd7f41fe821734b2477e594fd6525dc4.jpg""]","[{""id"": 4096935, ""full_path"": ""https://salt.tikicdn.com/ts/review/c0/24/44/dd7f41fe821734b2477e594fd6525dc4.jpg"", ""status"": ""approved""}]","[""https://salt.tikicdn.com/ts/review/c0/24/44/dd7f41fe821734b2477e594fd6525dc4.jpg""]",https://salt.tikicdn.com/ts/review/c0/24/44/dd7f41fe821734b2477e594fd6525dc4.jpg,1,True,https://salt.tikicdn.com/ts/review/c0/24/44/dd7f41fe821734b2477e594fd6525dc4.jpg,1,Tiki Trading,[]
19090234,29020621,201040328,4,Hài lòng,Hộp móp méo không biết do vận chuyển hay do shop đóng gói,approved,0,0,"[""https://salt.tikicdn.com/ts/review/a0/81/11/f2bc077ea0cdd5416f54522aae4ad506.jpg"", ""https://salt.tikicdn.com/ts/review/f3/2b/dd/a3e69ae94eaf7f13d766c608e1b2cadc.jpg""]","[{""id"": 4187458, ""full_path"": ""https://salt.tikicdn.com/ts/review/a0/81/11/f2bc077ea0cdd5416f54522aae4ad506.jpg"", ""status"": ""approved""}, {""id"": 4187459, ""full_path"": ""https://salt.tikicdn.com/ts/review/f3/2b/dd/a3e69ae94eaf7f13d766c608e1b2cadc.jpg"", ""status"": ""approved""}]","[""https://salt.tikicdn.com/ts/review/a0/81/11/f2bc077ea0cdd5416f54522aae4ad506.jpg"", ""https://salt.tikicdn.com/ts/review/f3/2b/dd/a3e69ae94eaf7f13d766c608e1b2cadc.jpg""]",https://salt.tikicdn.com/ts/review/a0/81/11/f2bc077ea0cdd5416f54522aae4ad506.jpg | https://salt.tikicdn.com/ts/review/f3/2b/dd/a3e69ae94eaf7f13d766c608e1b2cadc.jpg,2,True,https://salt.tikicdn.com/ts/review/a0/81/11/f2bc077ea0cdd5416f54522aae4ad506.jpg,1,Tiki Trading,"[{'question': 'Thời gian giao hàng?', 'option': 'Giao đúng hẹn'}, {'question': 'Thái độ của shipper?', 'option': 'Lịch sự'}, {'question': 'Giờ giao hàng?', 'option': 'Có hẹn giờ trước'}, {'question': 'Cách đóng gói sản phẩm?', 'option': 'Cẩn thận'}]"
19865956,21283174,201040328,5,Cực kì hài lòng,,approved,0,1,"[""https://salt.tikicdn.com/ts/review/95/77/1e/0d6fd3b51a3efced477e3e38a959ff3b.jpg""]","[{""id"": 4355110, ""full_path"": ""https://salt.tikicdn.com/ts/review/95/77/1e/0d6fd3b51a3efced477e3e38a959ff3b.jpg"", ""status"": ""approved""}]","[""https://salt.tikicdn.com/ts/review/95/77/1e/0d6fd3b51a3efced477e3e38a959ff3b.jpg""]",https://salt.tikicdn.com/ts/review/95/77/1e/0d6fd3b51a3efced477e3e38a959ff3b.jpg,1,True,https://salt.tikicdn.com/ts/review/95/77/1e/0d6fd3b51a3efced477e3e38a959ff3b.jpg,1,Tiki Trading,[]
19840557,16263010,201040328,5,Cực kì hài lòng,Thanks,approved,0,1,"[""https://salt.tikicdn.com/ts/review/94/14/93/c56d6680c1a189c4f9fb6495ce48cabc.jpg""]","[{""id"": 4350811, ""full_path"": ""https://salt.tikicdn.com/ts/review/94/14/93/c56d6680c1a189c4f9fb6495ce48cabc.jpg"", ""status"": ""approved""}]","[""https://salt.tikicdn.com/ts/review/94/14/93/c56d6680c1a189c4f9fb6495ce48cabc.jpg""]",https://salt.tikicdn.com/ts/review/94/14/93/c56d6680c1a189c4f9fb6495ce48cabc.jpg,1,True,https://salt.tikicdn.com/ts/review/94/14/93/c56d6680c1a189c4f9fb6495ce48cabc.jpg,1,Tiki Trading,[]
18780106,18655557,201040328,5,Cực kì hài lòng,Mình rất thích nhé mua thêm cái nữa luôn 😍😍😍,approved,1,0,"[""https://salt.tikicdn.com/ts/review/ab/7c/70/39b186b50cf83bd44ff35057d18582c6.jpg"", ""https://salt.tikicdn.com/ts/review/6e/74/ff/28489ab3cb8c391aa62a2e45b115af63.jpg""]","[{""id"": 4112017, ""full_path"": ""https://salt.tikicdn.com/ts/review/ab/7c/70/39b186b50cf83bd44ff35057d18582c6.jpg"", ""status"": ""approved""}, {""id"": 4112018, ""full_path"": ""https://salt.tikicdn.com/ts/review/6e/74/ff/28489ab3cb8c391aa62a2e45b115af63.jpg"", ""status"": ""approved""}]","[""https://salt.tikicdn.com/ts/review/ab/7c/70/39b186b50cf83bd44ff35057d18582c6.jpg"", ""https://salt.tikicdn.com/ts/review/6e/74/ff/28489ab3cb8c391aa62a2e45b115af63.jpg""]",https://salt.tikicdn.com/ts/review/ab/7c/70/39b186b50cf83bd44ff35057d18582c6.jpg | https://salt.tikicdn.com/ts/review/6e/74/ff/28489ab3cb8c391aa62a2e45b115af63.jpg,2,True,https://salt.tikicdn.com/ts/review/ab/7c/70/39b186b50cf83bd44ff35057d18582c6.jpg,1,Tiki Trading,[]
18628436,8634732,201040328,5,Cực kì hài lòng,"Bình ok lắm nha mọi người, có điều gói hàng hơi lỏng lẻo, đẹp đáng tiền",approved,0,0,"[""https://salt.tikicdn.com/ts/review/9b/f1/44/4d5cac11a1c16ee234f0da3fb29cb969.jpg""]","[{""id"": 4079743, ""full_path"": ""https://salt.tikicdn.com/ts/review/9b/f1/44/4d5cac11a1c16ee234f0da3fb29cb969.jpg"", ""status"": ""approved""}]","[""https://salt.tikicdn.com/ts/review/9b/f1/44/4d5cac11a1c16ee234f0da3fb29cb969.jpg""]",https://salt.tikicdn.com/ts/review/9b/f1/44/4d5cac11a1c16ee234f0da3fb29cb969.jpg,1,True,https://salt.tikicdn.com/ts/review/9b/f1/44/4d5cac11a1c16ee234f0da3fb29cb969.jpg,1,Tiki Trading,[]
18803996,1394075,201040328,5,Cực kì hài lòng,"Bình đẹp, chắc chắn, được tặng thêm ống hút silicon. Thanks Tiki",approved,0,0,"[""https://salt.tikicdn.com/ts/review/b7/92/55/e59666620071c8d86462c95da07a392e.jpg""]","[{""id"": 4117574, ""full_path"": ""https://salt.tikicdn.com/ts/review/b7/92/55/e59666620071c8d86462c95da07a392e.jpg"", ""status"": ""approved""}]","[""https://salt.tikicdn.com/ts/review/b7/92/55/e59666620071c8d86462c95da07a392e.jpg""]",https://salt.tikicdn.com/ts/review/b7/92/55/e59666620071c8d86462c95da07a392e.jpg,1,True,https://salt.tikicdn.com/ts/review/b7/92/55/e59666620071c8d86462c95da07a392e.jpg,1,Tiki Trading,[]
19305524,16550545,201040328,5,Cực kì hài lòng,,approved,1,0,"[""https://salt.tikicdn.com/ts/review/a7/32/dc/d6a92d4a243f7affa9834b029e04e4a3.jpg"", ""https://salt.tikicdn.com/ts/review/15/bd/08/5d50e7376c9f12f4828f8ce68bfd15b1.jpg""]","[{""id"": 4236378, ""full_path"": ""https://salt.tikicdn.com/ts/review/a7/32/dc/d6a92d4a243f7affa9834b029e04e4a3.jpg"", ""status"": ""approved""}, {""id"": 4236379, ""full_path"": ""https://salt.tikicdn.com/ts/review/15/bd/08/5d50e7376c9f12f4828f8ce68bfd15b1.jpg"", ""status"": ""approved""}]","[""https://salt.tikicdn.com/ts/review/a7/32/dc/d6a92d4a243f7affa9834b029e04e4a3.jpg"", ""https://salt.tikicdn.com/ts/review/15/bd/08/5d50e7376c9f12f4828f8ce68bfd15b1.jpg""]",https://salt.tikicdn.com/ts/review/a7/32/dc/d6a92d4a243f7affa9834b029e04e4a3.jpg | https://salt.tikicdn.com/ts/review/15/bd/08/5d50e7376c9f12f4828f8ce68bfd15b1.jpg,2,True,https://salt.tikicdn.com/ts/review/a7/32/dc/d6a92d4a243f7affa9834b029e04e4a3.jpg,1,Tiki Trading,"[{'question': 'Thời gian giao hàng?', 'option': 'Giao đúng hẹn'}, {'question': 'Thái độ của shipper?', 'option': 'Lịch sự'}, {'question': 'Giờ giao hàng?', 'option': 'Có hẹn giờ trước'}, {'question': 'Cách đóng gói sản phẩm?', 'option': 'Cẩn thận'}]"
18524280,522645,201040328,5,Cực kì hài lòng,Cứng cáp. Màu đẹp. Giữ nhiệt lâu. Làm quà tặng cũng rất thích hợp.,approved,0,0,"[""https://salt.tikicdn.com/ts/review/52/c6/d9/fda147357e93017f1dafefee6ca0ef30.jpg""]","[{""id"": 4058151, ""full_path"": ""https://salt.tikicdn.com/ts/review/52/c6/d9/fda147357e93017f1dafefee6ca0ef30.jpg"", ""status"": ""approved""}]","[""https://salt.tikicdn.com/ts/review/52/c6/d9/fda147357e93017f1dafefee6ca0ef30.jpg""]",https://salt.tikicdn.com/ts/review/52/c6/d9/fda147357e93017f1dafefee6ca0ef30.jpg,1,True,https://salt.tikicdn.com/ts/review/52/c6/d9/fda147357e93017f1dafefee6ca0ef30.jpg,1,Tiki Trading,[]
19070338,14107899,201040328,5,Cực kì hài lòng,"Giữ nóng, giữ lạnh rất tốt. Bình đẹp.",approved,0,0,"[""https://salt.tikicdn.com/ts/review/0a/23/9b/2b1bd2be3a0704964dfcd7e9cfc54135.jpg""]","[{""id"": 4181900, ""full_path"": ""https://salt.tikicdn.com/ts/review/0a/23/9b/2b1bd2be3a0704964dfcd7e9cfc54135.jpg"", ""status"": ""approved""}]","[""https://salt.tikicdn.com/ts/review/0a/23/9b/2b1bd2be3a0704964dfcd7e9cfc54135.jpg""]",https://salt.tikicdn.com/ts/review/0a/23/9b/2b1bd2be3a0704964dfcd7e9cfc54135.jpg,1,True,https://salt.tikicdn.com/ts/review/0a/23/9b/2b1bd2be3a0704964dfcd7e9cfc54135.jpg,1,Tiki Trading,[]
19113392,13845532,201040328,5,Cực kì hài lòng,"Giữ nhiệt rất tốt, tiện dụng",approved,0,0,"[""https://salt.tikicdn.com/ts/review/de/97/30/96c45c0244cc9b40851fec206204aee8.jpg""]","[{""id"": 4193072, ""full_path"": ""https://salt.tikicdn.com/ts/review/de/97/30/96c45c0244cc9b40851fec206204aee8.jpg"", ""status"": ""approved""}]","[""https://salt.tikicdn.com/ts/review/de/97/30/96c45c0244cc9b40851fec206204aee8.jpg""]",https://salt.tikicdn.com/ts/review/de/97/30/96c45c0244cc9b40851fec206204aee8.jpg,1,True,https://salt.tikicdn.com/ts/review/de/97/30/96c45c0244cc9b40851fec206204aee8.jpg,1,Tiki Trading,"[{'question': 'Thời gian giao hàng?', 'option': 'Giao đúng hẹn'}, {'question': 'Thái độ của shipper?', 'option': 'Lịch sự'}, {'question': 'Giờ giao hàng?', 'option': 'Có hẹn giờ trước'}, {'question': 'Cách đóng gói sản phẩm?', 'option': 'Cẩn thận'}]"
19302216,10713938,201040328,5,Cực kì hài lòng,Sản phẩm rất ok,approved,0,0,"[""https://salt.tikicdn.com/ts/review/8d/9f/1e/2f7032c72ba1a922751cd2a8407b12c5.jpg""]","[{""id"": 4235676, ""full_path"": ""https://salt.tikicdn.com/ts/review/8d/9f/1e/2f7032c72ba1a922751cd2a8407b12c5.jpg"", ""status"": ""approved""}]","[""https://salt.tikicdn.com/ts/review/8d/9f/1e/2f7032c72ba1a922751cd2a8407b12c5.jpg""]",https://salt.tikicdn.com/ts/review/8d/9f/1e/2f7032c72ba1a922751cd2a8407b12c5.jpg,1,True,https://salt.tikicdn.com/ts/review/8d/9f/1e/2f7032c72ba1a922751cd2a8407b12c5.jpg,1,Tiki Trading,[]
19213043,742316,201040328,5,Cực kì hài lòng,"Xài ổn, đúng mô tả",approved,0,0,"[""https://salt.tikicdn.com/ts/review/45/f1/67/343d628cb4d7d7fcfb4c2181cb3fede6.jpg""]","[{""id"": 4215329, ""full_path"": ""https://salt.tikicdn.com/ts/review/45/f1/67/343d628cb4d7d7fcfb4c2181cb3fede6.jpg"", ""status"": ""approved""}]","[""https://salt.tikicdn.com/ts/review/45/f1/67/343d628cb4d7d7fcfb4c2181cb3fede6.jpg""]",https://salt.tikicdn.com/ts/review/45/f1/67/343d628cb4d7d7fcfb4c2181cb3fede6.jpg,1,True,https://salt.tikicdn.com/ts/review/45/f1/67/343d628cb4d7d7fcfb4c2181cb3fede6.jpg,1,Tiki Trading,"[{'question': 'Thời gian giao hàng?', 'option': 'Giao đúng hẹn'}, {'question': 'Thái độ của shipper?', 'option': 'Lịch sự'}, {'question': 'Giờ giao hàng?', 'option': 'Có hẹn giờ trước'}, {'question': 'Cách đóng gói sản phẩm?', 'option': 'Cẩn thận'}]"
18900718,7688252,201040328,1,Rất không hài lòng,Hàng giao ko có ống hút như quảng cáo,approved,0,0,"[""https://salt.tikicdn.com/ts/review/0c/c4/92/76b6eada45afc233ce5c809ede38de10.jpg""]","[{""id"": 4141151, ""full_path"": ""https://salt.tikicdn.com/ts/review/0c/c4/92/76b6eada45afc233ce5c809ede38de10.jpg"", ""status"": ""approved""}]","[""https://salt.tikicdn.com/ts/review/0c/c4/92/76b6eada45afc233ce5c809ede38de10.jpg""]",https://salt.tikicdn.com/ts/review/0c/c4/92/76b6eada45afc233ce5c809ede38de10.jpg,1,True,https://salt.tikicdn.com/ts/review/0c/c4/92/76b6eada45afc233ce5c809ede38de10.jpg,1,Tiki Trading,[]
18941059,16236052,201040328,5,Cực kì hài lòng,Đẹp cứ mua thoải mái vô tư đê,approved,0,0,"[""https://salt.tikicdn.com/ts/review/0c/4c/5d/4f00c0d5f38a3ada05b4b15467d21691.jpg""]","[{""id"": 4150963, ""full_path"": ""https://salt.tikicdn.com/ts/review/0c/4c/5d/4f00c0d5f38a3ada05b4b15467d21691.jpg"", ""status"": ""approved""}]","[""https://salt.tikicdn.com/ts/review/0c/4c/5d/4f00c0d5f38a3ada05b4b15467d21691.jpg""]",https://salt.tikicdn.com/ts/review/0c/4c/5d/4f00c0d5f38a3ada05b4b15467d21691.jpg,1,True,https://salt.tikicdn.com/ts/review/0c/4c/5d/4f00c0d5f38a3ada05b4b15467d21691.jpg,1,Tiki Trading,[]
18838955,20094048,201040328,5,Cực kì hài lòng,"Hàng đẹp, bền đã ủng hộ lần 2",approved,0,0,"[""https://salt.tikicdn.com/ts/review/f6/0a/0f/898b2bd8968bd67dc64426115fd92c3b.jpg""]","[{""id"": 4125554, ""full_path"": ""https://salt.tikicdn.com/ts/review/f6/0a/0f/898b2bd8968bd67dc64426115fd92c3b.jpg"", ""status"": ""approved""}]","[""https://salt.tikicdn.com/ts/review/f6/0a/0f/898b2bd8968bd67dc64426115fd92c3b.jpg""]",https://salt.tikicdn.com/ts/review/f6/0a/0f/898b2bd8968bd67dc64426115fd92c3b.jpg,1,True,https://salt.tikicdn.com/ts/review/f6/0a/0f/898b2bd8968bd67dc64426115fd92c3b.jpg,1,Tiki Trading,[]
18620353,74740,201040328,5,Cực kì hài lòng,Một hai ba bốn năm sáu bảy tám chín mươi,approved,0,0,"[""https://salt.tikicdn.com/ts/review/16/fb/fd/6a2b452d1aa6df42af78f245306eebb7.jpg""]","[{""id"": 4175189, ""full_path"": ""https://salt.tikicdn.com/ts/review/16/fb/fd/6a2b452d1aa6df42af78f245306eebb7.jpg"", ""status"": ""approved""}]","[""https://salt.tikicdn.com/ts/review/16/fb/fd/6a2b452d1aa6df42af78f245306eebb7.jpg""]",https://salt.tikicdn.com/ts/review/16/fb/fd/6a2b452d1aa6df42af78f245306eebb7.jpg,1,True,https://salt.tikicdn.com/ts/review/16/fb/fd/6a2b452d1aa6df42af78f245306eebb7.jpg,1,Tiki Trading,[]
18913374,186703,201040328,5,Cực kì hài lòng,Tuyệt! Bình tím sen quá đẹp,approved,0,0,"[""https://salt.tikicdn.com/ts/review/4a/b1/3d/4797986a04746964da8d40e6b525beb3.jpg""]","[{""id"": 4143982, ""full_path"": ""https://salt.tikicdn.com/ts/review/4a/b1/3d/4797986a04746964da8d40e6b525beb3.jpg"", ""status"": ""approved""}]","[""https://salt.tikicdn.com/ts/review/4a/b1/3d/4797986a04746964da8d40e6b525beb3.jpg""]",https://salt.tikicdn.com/ts/review/4a/b1/3d/4797986a04746964da8d40e6b525beb3.jpg,1,True,https://salt.tikicdn.com/ts/review/4a/b1/3d/4797986a04746964da8d40e6b525beb3.jpg,1,Tiki Trading,[]
18367343,7559897,201040328,5,Cực kì hài lòng,"Ko biết tốt hây ko, chứ mua tổng 15 bình rồi.",approved,0,0,"[""https://salt.tikicdn.com/ts/review/bb/6a/5a/4acc7179e57ea4faeaad829ba2ef6fd9.jpg""]","[{""id"": 4030700, ""full_path"": ""https://salt.tikicdn.com/ts/review/bb/6a/5a/4acc7179e57ea4faeaad829ba2ef6fd9.jpg"", ""status"": ""approved""}]","[""https://salt.tikicdn.com/ts/review/bb/6a/5a/4acc7179e57ea4faeaad829ba2ef6fd9.jpg""]",https://salt.tikicdn.com/ts/review/bb/6a/5a/4acc7179e57ea4faeaad829ba2ef6fd9.jpg,1,True,https://salt.tikicdn.com/ts/review/bb/6a/5a/4acc7179e57ea4faeaad829ba2ef6fd9.jpg,1,Tiki Trading,[]
18259642,1437984,201040328,5,Cực kì hài lòng,"Sản phẩm như hình,mẫu mã đẹp,chắc chắn",approved,0,0,"[""https://salt.tikicdn.com/ts/review/f9/32/7f/1c89eb23d7429e467496fde9f357c8c3.jpg""]","[{""id"": 4005741, ""full_path"": ""https://salt.tikicdn.com/ts/review/f9/32/7f/1c89eb23d7429e467496fde9f357c8c3.jpg"", ""status"": ""approved""}]","[""https://salt.tikicdn.com/ts/review/f9/32/7f/1c89eb23d7429e467496fde9f357c8c3.jpg""]",https://salt.tikicdn.com/ts/review/f9/32/7f/1c89eb23d7429e467496fde9f357c8c3.jpg,1,True,https://salt.tikicdn.com/ts/review/f9/32/7f/1c89eb23d7429e467496fde9f357c8c3.jpg,1,Tiki Trading,[]
19057078,8592274,201040328,5,Cực kì hài lòng,Bình đẹp,approved,0,0,"[""https://salt.tikicdn.com/ts/review/24/9a/88/0b7dc22401469cfe61dee596a4cb8011.jpg""]","[{""id"": 4178613, ""full_path"": ""https://salt.tikicdn.com/ts/review/24/9a/88/0b7dc22401469cfe61dee596a4cb8011.jpg"", ""status"": ""approved""}]","[""https://salt.tikicdn.com/ts/review/24/9a/88/0b7dc22401469cfe61dee596a4cb8011.jpg""]",https://salt.tikicdn.com/ts/review/24/9a/88/0b7dc22401469cfe61dee596a4cb8011.jpg,1,True,https://salt.tikicdn.com/ts/review/24/9a/88/0b7dc22401469cfe61dee596a4cb8011.jpg,1,Tiki Trading,"[{'question': 'Thời gian giao hàng?', 'option': 'Giao đúng hẹn'}, {'question': 'Thái độ của shipper?', 'option': 'Lịch sự'}, {'question': 'Giờ giao hàng?', 'option': 'Có hẹn giờ trước'}, {'question': 'Cách đóng gói sản phẩm?', 'option': 'Cẩn thận'}]"
18367357,7559897,201040328,5,Cực kì hài lòng,Mục tiêu săn hết mức có thể.,approved,0,0,"[""https://salt.tikicdn.com/ts/review/c0/2e/e9/263b1434d6f59a80795b061271ea619f.jpg""]","[{""id"": 4030706, ""full_path"": ""https://salt.tikicdn.com/ts/review/c0/2e/e9/263b1434d6f59a80795b061271ea619f.jpg"", ""status"": ""approved""}]","[""https://salt.tikicdn.com/ts/review/c0/2e/e9/263b1434d6f59a80795b061271ea619f.jpg""]",https://salt.tikicdn.com/ts/review/c0/2e/e9/263b1434d6f59a80795b061271ea619f.jpg,1,True,https://salt.tikicdn.com/ts/review/c0/2e/e9/263b1434d6f59a80795b061271ea619f.jpg,1,Tiki Trading,[]
19085453,8381379,201040328,5,Cực kì hài lòng,,approved,0,0,"[""https://salt.tikicdn.com/ts/review/58/cf/35/0122acfab1add338560a576dc4696d73.jpg""]","[{""id"": 4185929, ""full_path"": ""https://salt.tikicdn.com/ts/review/58/cf/35/0122acfab1add338560a576dc4696d73.jpg"", ""status"": ""approved""}]","[""https://salt.tikicdn.com/ts/review/58/cf/35/0122acfab1add338560a576dc4696d73.jpg""]",https://salt.tikicdn.com/ts/review/58/cf/35/0122acfab1add338560a576dc4696d73.jpg,1,True,https://salt.tikicdn.com/ts/review/58/cf/35/0122acfab1add338560a576dc4696d73.jpg,1,Tiki Trading,[]
18367365,7559897,201040328,5,Cực kì hài lòng,"Tgian giữ nhiệt lâu, tốt",approved,0,0,"[""https://salt.tikicdn.com/ts/review/c0/2e/e9/5d3ddb6dcc64eaa314f8412ed2b4b5be.jpg""]","[{""id"": 4030709, ""full_path"": ""https://salt.tikicdn.com/ts/review/c0/2e/e9/5d3ddb6dcc64eaa314f8412ed2b4b5be.jpg"", ""status"": ""approved""}]","[""https://salt.tikicdn.com/ts/review/c0/2e/e9/5d3ddb6dcc64eaa314f8412ed2b4b5be.jpg""]",https://salt.tikicdn.com/ts/review/c0/2e/e9/5d3ddb6dcc64eaa314f8412ed2b4b5be.jpg,1,True,https://salt.tikicdn.com/ts/review/c0/2e/e9/5d3ddb6dcc64eaa314f8412ed2b4b5be.jpg,1,Tiki Trading,[]
18650991,16837932,201040328,5,Cực kì hài lòng,Tuyệt vời!,approved,0,0,"[""https://salt.tikicdn.com/ts/review/4b/9c/d1/6d02b27509b7b47e4be44fd909c2b3fb.jpg""]","[{""id"": 4084472, ""full_path"": ""https://salt.tikicdn.com/ts/review/4b/9c/d1/6d02b27509b7b47e4be44fd909c2b3fb.jpg"", ""status"": ""approved""}]","[""https://salt.tikicdn.com/ts/review/4b/9c/d1/6d02b27509b7b47e4be44fd909c2b3fb.jpg""]",https://salt.tikicdn.com/ts/review/4b/9c/d1/6d02b27509b7b47e4be44fd909c2b3fb.jpg,1,True,https://salt.tikicdn.com/ts/review/4b/9c/d1/6d02b27509b7b47e4be44fd909c2b3fb.jpg,1,Tiki Trading,[]
18539790,11228455,201040328,5,Cực kì hài lòng,,approved,0,0,"[""https://salt.tikicdn.com/ts/review/f2/89/a4/12ce6aa07df99d0f09ba683754e0ecb8.jpg""]","[{""id"": 4061736, ""full_path"": ""https://salt.tikicdn.com/ts/review/f2/89/a4/12ce6aa07df99d0f09ba683754e0ecb8.jpg"", ""status"": ""approved""}]","[""https://salt.tikicdn.com/ts/review/f2/89/a4/12ce6aa07df99d0f09ba683754e0ecb8.jpg""]",https://salt.tikicdn.com/ts/review/f2/89/a4/12ce6aa07df99d0f09ba683754e0ecb8.jpg,1,True,https://salt.tikicdn.com/ts/review/f2/89/a4/12ce6aa07df99d0f09ba683754e0ecb8.jpg,1,Tiki Trading,[]
18178187,16122685,201040328,5,Cực kì hài lòng,đẹp,approved,0,0,"[""https://salt.tikicdn.com/ts/review/67/83/b6/99d106b819adc6292b37a0bab9677bec.jpg""]","[{""id"": 3987686, ""full_path"": ""https://salt.tikicdn.com/ts/review/67/83/b6/99d106b819adc6292b37a0bab9677bec.jpg"", ""status"": ""approved""}]","[""https://salt.tikicdn.com/ts/review/67/83/b6/99d106b819adc6292b37a0bab9677bec.jpg""]",https://salt.tikicdn.com/ts/review/67/83/b6/99d106b819adc6292b37a0bab9677bec.jpg,1,True,https://salt.tikicdn.com/ts/review/67/83/b6/99d106b819adc6292b37a0bab9677bec.jpg,1,Tiki Trading,[]
18184834,10528674,201040328,4,Hài lòng,Ổn,approved,0,0,"[""https://salt.tikicdn.com/ts/review/f1/6f/07/72dc333b6e5041981cd11761e26d3331.jpg""]","[{""id"": 3989063, ""full_path"": ""https://salt.tikicdn.com/ts/review/f1/6f/07/72dc333b6e5041981cd11761e26d3331.jpg"", ""status"": ""approved""}]","[""https://salt.tikicdn.com/ts/review/f1/6f/07/72dc333b6e5041981cd11761e26d3331.jpg""]",https://salt.tikicdn.com/ts/review/f1/6f/07/72dc333b6e5041981cd11761e26d3331.jpg,1,True,https://salt.tikicdn.com/ts/review/f1/6f/07/72dc333b6e5041981cd11761e26d3331.jpg,1,Tiki Trading,[]
18293785,716491,201040328,5,Cực kì hài lòng,,approved,0,0,"[""https://salt.tikicdn.com/ts/review/df/54/df/0edcee938cebf6c75ac4b5b2a879ca5e.jpg""]","[{""id"": 4013981, ""full_path"": ""https://salt.tikicdn.com/ts/review/df/54/df/0edcee938cebf6c75ac4b5b2a879ca5e.jpg"", ""status"": ""approved""}]","[""https://salt.tikicdn.com/ts/review/df/54/df/0edcee938cebf6c75ac4b5b2a879ca5e.jpg""]",https://salt.tikicdn.com/ts/review/df/54/df/0edcee938cebf6c75ac4b5b2a879ca5e.jpg,1,True,https://salt.tikicdn.com/ts/review/df/54/df/0edcee938cebf6c75ac4b5b2a879ca5e.jpg,1,Tiki Trading,[]
